<manifest version="5.0" type="device" target-level="7">
    <hal format="hidl">
        <name>android.hardware.radio</name>
        <transport>hwbinder</transport>
        <fqname>@1.2::ISap/slot1</fqname>
        <fqname>@1.2::ISap/slot2</fqname>
    </hal>
    <hal format="aidl">
        <name>android.hardware.radio.data</name>
        <fqname>IRadioData/slot1</fqname>
        <fqname>IRadioData/slot2</fqname>
    </hal>
    <hal format="aidl">
        <name>android.hardware.radio.messaging</name>
        <fqname>IRadioMessaging/slot1</fqname>
        <fqname>IRadioMessaging/slot2</fqname>
    </hal>
    <hal format="aidl">
        <name>android.hardware.radio.modem</name>
        <fqname>IRadioModem/slot1</fqname>
        <fqname>IRadioModem/slot2</fqname>
    </hal>
    <hal format="aidl">
        <name>android.hardware.radio.network</name>
        <fqname>IRadioNetwork/slot1</fqname>
        <fqname>IRadioNetwork/slot2</fqname>
    </hal>
    <hal format="aidl">
        <name>android.hardware.radio.sim</name>
        <fqname>IRadioSim/slot1</fqname>
        <fqname>IRadioSim/slot2</fqname>
    </hal>
    <hal format="aidl">
        <name>android.hardware.radio.voice</name>
        <fqname>IRadioVoice/slot1</fqname>
        <fqname>IRadioVoice/slot2</fqname>
    </hal>
    <hal format="hidl">
        <name>vendor.qti.hardware.data.connection</name>
        <transport>hwbinder</transport>
        <version>1.1</version>
        <interface>
            <name>IDataConnection</name>
            <instance>slot1</instance>
            <instance>slot2</instance>
        </interface>
        <fqname>@1.1::IDataConnection/slot1</fqname>
        <fqname>@1.1::IDataConnection/slot2</fqname>
    </hal>
    <hal format="aidl">
        <name>vendor.qti.hardware.data.connectionfactory</name>
        <fqname>IFactory/slot0</fqname>
        <fqname>IFactory/slot1</fqname>
    </hal>
    <hal format="hidl">
        <name>vendor.qti.hardware.data.iwlan</name>
        <transport>hwbinder</transport>
        <version>1.1</version>
        <interface>
            <name>IIWlan</name>
            <instance>slot1</instance>
            <instance>slot2</instance>
        </interface>
        <fqname>@1.1::IIWlan/slot1</fqname>
        <fqname>@1.1::IIWlan/slot2</fqname>
    </hal>
    <hal format="aidl">
        <name>vendor.qti.hardware.radio.am</name>
        <fqname>IQcRilAudio/slot1</fqname>
        <fqname>IQcRilAudio/slot2</fqname>
    </hal>
    <hal format="aidl">
        <name>vendor.qti.hardware.radio.ims</name>
        <version>9</version>
        <fqname>IImsRadio/imsradio0</fqname>
        <fqname>IImsRadio/imsradio1</fqname>
    </hal>
    <hal format="hidl">
        <name>vendor.qti.hardware.radio.lpa</name>
        <transport>hwbinder</transport>
        <version>1.3</version>
        <interface>
            <name>IUimLpa</name>
            <instance>UimLpa0</instance>
            <instance>UimLpa1</instance>
        </interface>
        <fqname>@1.3::IUimLpa/UimLpa0</fqname>
        <fqname>@1.3::IUimLpa/UimLpa1</fqname>
    </hal>
    <hal format="aidl">
        <name>vendor.qti.hardware.radio.qcrilhook</name>
        <fqname>IQtiOemHook/oemhook0</fqname>
        <fqname>IQtiOemHook/oemhook1</fqname>
    </hal>
    <hal format="aidl">
        <name>vendor.qti.hardware.radio.qtiradio</name>
        <version>9</version>
        <fqname>IQtiRadioStable/slot1</fqname>
        <fqname>IQtiRadioStable/slot2</fqname>
    </hal>
    <hal format="hidl">
        <name>vendor.qti.hardware.radio.uim</name>
        <transport>hwbinder</transport>
        <version>1.2</version>
        <interface>
            <name>IUim</name>
            <instance>Uim0</instance>
            <instance>Uim1</instance>
        </interface>
        <fqname>@1.2::IUim/Uim0</fqname>
        <fqname>@1.2::IUim/Uim1</fqname>
    </hal>
    <hal format="hidl">
        <name>vendor.qti.hardware.radio.uim_remote_client</name>
        <transport>hwbinder</transport>
        <version>1.2</version>
        <interface>
            <name>IUimRemoteServiceClient</name>
            <instance>uimRemoteClient0</instance>
            <instance>uimRemoteClient1</instance>
        </interface>
        <fqname>@1.2::IUimRemoteServiceClient/uimRemoteClient0</fqname>
        <fqname>@1.2::IUimRemoteServiceClient/uimRemoteClient1</fqname>
    </hal>
    <hal format="hidl">
        <name>vendor.qti.hardware.radio.uim_remote_server</name>
        <transport>hwbinder</transport>
        <version>1.0</version>
        <interface>
            <name>IUimRemoteServiceServer</name>
            <instance>uimRemoteServer0</instance>
            <instance>uimRemoteServer1</instance>
        </interface>
        <fqname>@1.0::IUimRemoteServiceServer/uimRemoteServer0</fqname>
        <fqname>@1.0::IUimRemoteServiceServer/uimRemoteServer1</fqname>
    </hal>
</manifest>
