<?xml version="1.0" encoding="utf-8" ?>
<!--
    Copyright (c) 2018-2022 Qualcomm Technologies, Inc.
    All Rights Reserved.
    Confidential and Proprietary - Qualcomm Technologies, Inc.

    Not a Contribution.

    Copyright (C) 2012-2017 The Linux Foundation. All rights reserved.
    Copyright (C) 2012-2013 The Android Open Source Project

    Licensed under the Apache License, Version 2.0 (the "License");
    you may not use this file except in compliance with the License.
    You may obtain a copy of the License at

     http://www.apache.org/licenses/LICENSE-2.0

    Unless required by applicable law or agreed to in writing, software
    distributed under the License is distributed on an "AS IS" BASIS,
    WITHOUT WARRANTIES OR CONDITIONS OF ANY KIND, either express or implied.
    See the License for the specific language governing permissions and
    limitations under the License.
-->

<MediaCodecs>
    <Encoders>
        <MediaCodec name="c2.qti.avc.encoder" type="video/avc" update="true">
            <Limit name="measured-frame-rate-320x240" range="238-238" />
            <Limit name="measured-frame-rate-720x480" range="123-123" />
            <Limit name="measured-frame-rate-1280x720" range="50-50" />
            <Limit name="measured-frame-rate-1920x1080" range="55-65" />
        </MediaCodec>
        <MediaCodec name="c2.qti.hevc.encoder" type="video/hevc" update="true">
            <Limit name="measured-frame-rate-320x240" range="226-226" />
            <Limit name="measured-frame-rate-720x480" range="121-121" />
            <Limit name="measured-frame-rate-1280x720" range="49-49" />
            <Limit name="measured-frame-rate-1920x1080" range="55-65" />
        </MediaCodec>
        <MediaCodec name="c2.qti.hevc.encoder.cq" type="video/hevc" update="true">
            <Limit name="measured-frame-rate-320x240" range="226-226" />
        </MediaCodec>
        <MediaCodec name="c2.android.avc.encoder" type="video/avc" update="true">
            <Limit name="measured-frame-rate-320x240" range="124-176" />
            <Limit name="measured-frame-rate-720x480" range="53-76" />
            <Limit name="measured-frame-rate-1280x720" range="35-50" />
            <Limit name="measured-frame-rate-1920x1080" range="19-28" />
        </MediaCodec>
        <MediaCodec name="c2.android.hevc.encoder" type="video/hevc" update="true">
            <Limit name="measured-frame-rate-320x240" range="55-65" />
            <Limit name="measured-frame-rate-720x480" range="7-10" />
            <Limit name="measured-frame-rate-1280x720" range="3-6" />
            <Limit name="measured-frame-rate-1920x1080" range="2-3" />
        </MediaCodec>
        <MediaCodec name="c2.android.h263.encoder" type="video/3gpp" update="true">
            <Limit name="measured-frame-rate-176x144" range="250-550" />
        </MediaCodec>
        <MediaCodec name="c2.android.mpeg4.encoder" type="video/mp4v-es" update="true">
            <Limit name="measured-frame-rate-176x144" range="422-740" />
        </MediaCodec>
        <MediaCodec name="c2.android.av1.encoder" type="video/av01" update="true">
            <Limit name="measured-frame-rate-320x240" range="422-740" />
            <Limit name="measured-frame-rate-720x480" range="422-740"/>
        </MediaCodec>
        <MediaCodec name="c2.android.vp8.encoder" type="video/x-vnd.on2.vp8" update="true">
            <Limit name="measured-frame-rate-320x180" range="85-119" />
            <Limit name="measured-frame-rate-640x360" range="41-65" />
            <Limit name="measured-frame-rate-1280x720" range="21-30" />
            <Limit name="measured-frame-rate-1920x1080" range="10-15" />
        </MediaCodec>
    </Encoders>
    <Decoders>
        <MediaCodec name="c2.qti.avc.decoder" type="video/avc" update="true">
            <Limit name="measured-frame-rate-320x240" range="480-510" />
            <Limit name="measured-frame-rate-720x480" range="460-490" />
            <Limit name="measured-frame-rate-1280x720" range="350-400" />
            <Limit name="measured-frame-rate-1920x1088" range="180-190" />
        </MediaCodec>
        <MediaCodec name="c2.qti.avc.decoder.low_latency" type="video/avc" update="true">
            <Limit name="measured-frame-rate-320x240" range="300-650" />
            <Limit name="measured-frame-rate-720x480" range="280-630" />
            <Limit name="measured-frame-rate-1280x720" range="210-460" />
            <Limit name="measured-frame-rate-1920x1080" range="100-220" />
        </MediaCodec>
        <MediaCodec name="c2.qti.hevc.decoder" type="video/hevc" update="true">
            <Limit name="measured-frame-rate-352x288" range="510-530" />
            <Limit name="measured-frame-rate-720x480" range="465-620" />
            <Limit name="measured-frame-rate-1280x720" range="200-390" />
            <Limit name="measured-frame-rate-1920x1080" range="210-230" />
        </MediaCodec>
        <MediaCodec name="c2.qti.hevc.decoder.low_latency" type="video/hevc" update="true">
            <Limit name="measured-frame-rate-352x288" range="320-690" />
            <Limit name="measured-frame-rate-640x360" range="323-323" />
            <Limit name="measured-frame-rate-720x480" range="290-660" />
            <Limit name="measured-frame-rate-1280x720" range="270-590" />
            <Limit name="measured-frame-rate-1920x1080" range="220-480" />
        </MediaCodec>
        <MediaCodec name="c2.qti.vp9.decoder" type="video/x-vnd.on2.vp9" update="true">
            <Limit name="measured-frame-rate-320x240" range="377-377" />
            <Limit name="measured-frame-rate-640x360" range="323-323" />
            <Limit name="measured-frame-rate-1280x720" range="262-262" />
            <Limit name="measured-frame-rate-1920x1080" range="220-220" />
        </MediaCodec>
        <MediaCodec name="c2.qti.vp9.decoder.low_latency" type="video/x-vnd.on2.vp9" update="true">
            <Limit name="measured-frame-rate-320x180" range="722-816" />
            <Limit name="measured-frame-rate-640x360" range="556-577" />
            <Limit name="measured-frame-rate-1280x720" range="181-185" />
            <Limit name="measured-frame-rate-1920x1080" range="106-110" />
        </MediaCodec>
        <MediaCodec name="c2.android.avc.decoder" type="video/avc" update="true">
            <Limit name="measured-frame-rate-320x240" range="63-165" />
            <Limit name="measured-frame-rate-720x480" range="42-59" />
            <Limit name="measured-frame-rate-1280x720" range="17-24" />
            <Limit name="measured-frame-rate-1920x1080" range="34-36" />
        </MediaCodec>
        <MediaCodec name="c2.android.hevc.decoder" type="video/hevc" update="true">
            <Limit name="measured-frame-rate-352x288" range="401-405" />
            <Limit name="measured-frame-rate-640x360" range="215-217" />
            <Limit name="measured-frame-rate-720x480" range="69-99" />
            <Limit name="measured-frame-rate-1280x720" range="35-51" />
            <Limit name="measured-frame-rate-1920x1080" range="20-29" />
        </MediaCodec>
        <MediaCodec name="c2.android.h263.decoder" type="video/3gpp" update="true">
            <Limit name="measured-frame-rate-176x144" range="1500-1742" />
            <Limit name="measured-frame-rate-352x288" range="1000-1025" />
        </MediaCodec>
        <MediaCodec name="c2.android.mpeg4.decoder" type="video/mp4v-es" update="true">
            <Limit name="measured-frame-rate-176x144" range="1695-1928" />
            <Limit name="measured-frame-rate-480x360" range="931-940" />
            <Limit name="measured-frame-rate-1280x720" range="235-238" />
        </MediaCodec>
        <MediaCodec name="c2.android.av1.decoder" type="video/av01" update="true">
            <Limit name="measured-frame-rate-176x144" range="1500-1742"/>
            <Limit name="measured-frame-rate-320x240" range="100-300"/>
            <Limit name="measured-frame-rate-352x288" range="1000-1025"/>
            <Limit name="measured-frame-rate-640x360" range="100-300"/>
            <Limit name="measured-frame-rate-720x480" range="100-300"/>
            <Limit name="measured-frame-rate-1280x720" range="100-300"/>
        </MediaCodec>
        <MediaCodec name="c2.android.vp8.decoder" type="video/x-vnd.on2.vp8" update="true">
            <Limit name="measured-frame-rate-320x180" range="1045-1050" />
            <Limit name="measured-frame-rate-640x360" range="133-184" />
            <Limit name="measured-frame-rate-1920x1080" range="15-22" />
        </MediaCodec>
        <MediaCodec name="c2.android.vp9.decoder" type="video/x-vnd.on2.vp9" update="true">
            <Limit name="measured-frame-rate-320x180" range="182-360" />
            <Limit name="measured-frame-rate-640x360" range="85-200" />
            <Limit name="measured-frame-rate-1280x720" range="143-176" />
            <Limit name="measured-frame-rate-1920x1080" range="23-33" />
        </MediaCodec>
    </Decoders>
</MediaCodecs>
